Workbook

Sheet DatesAvailable
A1: CutlerOrosi.csv | B1: 1A_8.csv | C1: TerraBella.csv | D1: LostHills.csv | E1: McFarland.csv | F1: Coalinga.csv | H1: Legend
A2: 45811 | B2: 45810 | C2: 45810 | D2: 45811 | E2: 45811 | F2: 45820 | I2: Pre-Calibration
A3: 45812 | B3: 45811 | C3: 45811 | D3: 45812 | E3: 45812 | F3: 45827 | I3: Deployment Dates
A4: 45813 | B4: 45812 | C4: 45812 | D4: 45813 | E4: 45813 | F4: 45835 | I4: Post-Calibration
A5: 45814 | B5: 45813 | C5: 45813 | D5: 45814 | E5: 45814 | F5: 45836
A6: 45815 | B6: 45814 | C6: 45814 | D6: 45815 | E6: 45815 | F6: 45837
A7: 45816 | B7: 45815 | C7: 45815 | D7: 45816 | E7: 45816 | F7: 45838
A8: 45817 | B8: 45816 | C8: 45816 | D8: 45817 | E8: 45817 | F8: 45839
A9: 45818 | B9: 45817 | C9: 45817 | D9: 45818 | E9: 45818 | F9: 45840
A10: 45819 | B10: 45818 | C10: 45818 | D10: 45819 | E10: 45819 | F10: 45841
A11: 45820 | B11: 45819 | C11: 45819 | D11: 45820 | E11: 45820 | F11: 45842
A12: 45821 | B12: 45820 | C12: 45820 | D12: 45821 | E12: 45821 | F12: 45843
A13: 45822 | B13: 45821 | C13: 45821 | D13: 45822 | E13: 45822 | F13: 45844
A14: 45823 | B14: 45822 | C14: 45822 | D14: 45823 | E14: 45823 | F14: 45845
A15: 45824 | B15: 45823 | C15: 45823 | D15: 45824 | E15: 45824 | F15: 45846
A16: 45825 | B16: 45824 | C16: 45824 | D16: 45825 | E16: 45825 | F16: 45847
... A130: 45939 | B130: 45938 | C130: 45938 | D130: 45966 | E130: 45939 | F130: 45964
A131: 45940 | B131: 45939 | C131: 45939 | E131: 45940 | F131: 45965
A132: 45941 | B132: 45940 | C132: 45940 | E132: 45941 | F132: 45966
A133: 45942 | B133: 45941 | C133: 45941 | E133: 45942
A134: 45943 | B134: 45942 | C134: 45942 | E134: 45943
A135: 45944 | B135: 45943 | C135: 45943 | E135: 45944
A136: 45945 | B136: 45944 | C136: 45944 | E136: 45945
A137: 45947 | B137: 45945 | C137: 45945 | E137: 45947
A138: 45948 | B138: 45946 | C138: 45947 | E138: 45948
A139: 45949 | B139: 45947 | C139: 45948 | E139: 45949
A140: 45950 | B140: 45948 | C140: 45949 | E140: 45950
A141: 45951 | B141: 45949 | C141: 45950 | E141: 45951
A142: 45952 | B142: 45950 | C142: 45951 | E142: 45952
A143: 45953 | B143: 45954 | C143: 45952 | E143: 45953
A144: 45954 | B144: 45955 | C144: 45953 | E144: 45954
... A155: 45965 | B155: 45966 | C155: 45964 | E155: 45965
A156: 45966 | C156: 45965 | E156: 45966
C157: 45966

Sheet Deployment Dates
A1: sensor_id | B1: Pre | C1: Deployed | D1: Post | E1: PostEnd | F1: PreNumDays | G1: PostNumDays | H1: Trial1Start | I1: Trial1End | J1: Trial2Start | K1: Trial2End | L1: WithFEM | M1: newprestart | N1: newpreend | O1: newpoststart | P1: newpostend
A2: Coalinga | B2: 45845 | C2: 45866 | D2: 45947 | E2: 45966 | F2: =COUNTIF(DatesAvailable!$F$2:$F$31, ">=" & B2) -> 18 | G2: =COUNT(DatesAvailable!F113:F132) -> 20 | H2: =DatesAvailable!F4 -> 45835 | I2: =B2 -> 45845 | J2: =I2 -> 45845 | K2: =J2 -> 45845 | M2: =B2 -> 45845 | N2: =C2 -> 45866 | O2: =D2 -> 45947 | P2: =E2 -> 45966
A3: TerraBella | B3: 45828 | C3: 45848 | D3: 45947 | E3: 45966 | F3: =COUNTIF(DatesAvailable!$F$2:$F$31, ">=" & B3) -> 28 | G3: =COUNT(DatesAvailable!C138:C157) -> 20 | H3: =DatesAvailable!C2 + 7 -> 45817 | I3: =B3 -> 45828 | J3: =I3 -> 45828 | K3: =J3 -> 45828 | M3: =B3 -> 45828 | N3: =C3 -> 45848 | O3: =D3 -> 45947 | P3: =E3 -> 45966
A4: CutlerOrosi | B4: 45828 | C4: 45848 | D4: 45947 | E4: 45966 | F4: =COUNTIF(DatesAvailable!$F$2:$F$31, ">=" & B4) -> 28 | G4: =COUNT(DatesAvailable!A137:A156) -> 20 | H4: =DatesAvailable!A2 + 7 -> 45818 | I4: =B4 -> 45828 | J4: =I4 -> 45828 | K4: =J4 -> 45828 | M4: =B4 -> 45828 | N4: =C4 -> 45848 | O4: =D4 -> 45947 | P4: =E4 -> 45966
A5: Coalinguita | B5: =B6 -> 45828 | C5: 45849 | D5: =D6 -> 45954 | E5: =E6 -> 45966 | F5: =F6 -> 28 | G5: 13 | H5: =DatesAvailable!B2 + 7 -> 45817 | I5: =B5 -> 45828 | J5: =J6 -> 45828 | K5: =K6 -> 45828 | M5: =B5 -> 45828 | N5: =C5 -> 45849 | O5: =D5 -> 45954 | P5: =P6 -> 45966
A6: Avenal | B6: 45828 | C6: 45887 | D6: 45954 | E6: 45966 | F6: =COUNTIF(DatesAvailable!$F$2:$F$31, ">=" & B6) -> 28 | G6: =COUNT(DatesAvailable!B143:B155) -> 13 | H6: =H5 -> 45817 | I6: =B6 -> 45828 | J6: =I6 -> 45828 | K6: =J6 -> 45828 | M6: =B6 -> 45828 | N6: =N5 -> 45849 | O6: =D6 -> 45954 | P6: =E6 -> 45966
A7: LostHills | B7: 45828 | C7: 45849 | D7: 45948 | E7: 45966 | F7: =COUNTIF(DatesAvailable!$F$2:$F$31, ">=" & B7) -> 28 | G7: =COUNT(DatesAvailable!D116:D130) -> 15 | H7: =DatesAvailable!D2 + 7 -> 45818 | I7: =B7 -> 45828 | J7: =I7 -> 45828 | K7: =J7 -> 45828 | M7: =B7 -> 45828 | N7: =C7 -> 45849 | O7: =D7 -> 45948 | P7: =E7 -> 45966
A8: McFarland | B8: 45828 | C8: 45849 | D8: 45947 | E8: 45966 | F8: =COUNTIF(DatesAvailable!$F$2:$F$31, ">=" & B8) -> 28 | G8: =COUNT(DatesAvailable!E137:E156) -> 20 | H8: =DatesAvailable!E2 + 7 -> 45818 | I8: =B8 -> 45828 | J8: =I8 -> 45828 | K8: =J8 -> 45828 | M8: =B8 -> 45828 | N8: =C8 -> 45849 | O8: =D8 -> 45947 | P8: =E8 -> 45966
